G,U,X,Y
M,2.303,3.189,3.551
M,1.382,2.691,3.302
M,1.448,2.419,3.505
M,1.155,2.309,3.287
F,1.591,2.54,2.976
M,1.198,2.365,2.901
F,1.538,2.585,3.003
M,1.097,2.458,2.891
M,1.091,2.562,3.842
F,1.31,94.01,60.032
M,1.321,2.347,3.083
M,1.169,2.232,5.788
M,1.073,4.062,5.157
M,1.02,3.153,4.591
F,1.013,3.936,4.121
F,1.172,8.504,11.655
F,1.363,2.609,4.359
M,1.911,3.923,3.973
M,1.38,3.457,4.986
M,3.228,3.902,3.743
M,1.018,2.335,3.258
M,1.105,3.792,4.064
F,1.23,4.724,4.295
M,1.538,2.951,4.482
F,2.606,4.811,4.538
M,1.241,2.324,3.033
F,1.169,56.53,35.851
M,1.032,2.288,3.839
M,2.366,3.251,3.843
F,1.27,5.437,5.382
F,1.528,4.281,4.322
M,7.798,7.618,6.133
F,1.001,2.524,3.453
M,1.082,2.166,2.844
F,2.128,3.004,3.525
M,2.265,3.477,3.785
M,2.082,3.183,4.508
M,1.47,2.488,4.898
M,6.877,6.725,6.561
M,1.287,2.237,3.137
F,1.585,5.857,6.121
F,1.033,2.305,3.1
M,1.302,2.372,3.142
F,1.898,2.736,7.38
M,1.146,2.184,2.931
M,4.219,5.772,4.955
F,1.787,3.013,3.734
F,1.185,27.011,18.582
F,2.081,3.1,3.358
F,1.044,2.442,2.96
M,6.296,7.392,6.015
F,1.026,2.913,6.355
M,3.877,4.433,4.695
F,1.157,4.832,4.486
F,2.032,2.89,3.958
F,1.0,11.769,9.464
M,1.158,3.144,3.678
F,1.996,2.91,4.6
F,1.462,7.129,5.695
F,1.063,31.755,20.609
F,1.284,3.39,9.668
F,1.265,3.791,4.25
M,1.522,2.971,3.221
F,1.735,3.025,3.498
F,2.507,5.43,4.66
F,1.41,3.413,4.207
M,1.282,2.453,18.862
F,1.081,13.211,10.113
M,2.264,3.856,4.23
F,1.868,19.845,13.614
M,1.3,3.236,3.473
F,1.441,2.405,3.439
M,1.728,3.02,4.826
M,1.094,2.663,3.003
M,1.014,2.539,3.378
F,1.21,2.617,3.422
F,1.572,3.347,4.283
F,1.396,2.365,4.919
F,1.803,2.767,3.547
F,2.355,4.614,4.352
F,1.398,3.992,4.168
F,1.075,2.362,2.936
F,2.587,4.245,4.01
M,1.534,2.712,3.265
M,1.961,2.773,3.607
F,1.84,2.872,3.354
M,5.609,6.15,6.883
F,1.191,168.086,103.362
M,1.842,3.177,3.967
M,1.256,2.257,3.426
F,1.286,7.749,6.051
M,1.14,2.361,3.865
F,1.235,2.297,6.256
M,4.398,5.147,4.497
F,1.189,2.506,3.712
F,1.152,2.979,4.249
M,1.549,2.603,3.067
F,1.161,4.289,6.054
M,1.378,2.551,3.473
F,2.456,3.304,3.573
M,1.14,2.213,5.701
F,1.321,3.459,3.656
M,1.602,3.298,4.023
M,1.484,2.391,3.169
F,6.29,8.128,7.538
M,1.769,2.665,3.048
M,1.961,3.203,5.789
M,5.501,6.597,5.469
F,1.307,2.601,3.146
M,1.246,2.504,3.335
F,1.023,6.129,5.414
M,1.107,2.165,3.0
M,1.145,2.184,2.728
F,1.107,13.523,9.714
M,2.019,3.398,4.335
F,1.468,5.73,7.915
M,1.735,3.617,3.7
M,2.36,3.442,4.361
M,1.14,2.413,2.861
M,1.218,2.548,2.95
M,1.852,3.309,3.639
M,1.283,2.442,2.942
M,1.015,2.053,2.719
M,1.33,2.324,3.34
F,3.302,48.624,32.892
M,1.301,2.262,3.673
F,1.224,5.14,4.803
F,9.771,29.124,21.438
M,1.677,2.598,4.145
F,1.256,5.325,5.225
M,1.055,2.197,3.055
F,2.171,3.31,3.429
F,1.851,9.623,7.293
F,3.579,16.101,11.125
M,1.13,2.287,3.169
M,1.063,2.526,3.555
M,1.904,2.803,3.613
M,1.12,2.914,4.533
M,1.102,3.323,3.997
F,1.213,2.731,5.031
M,2.337,3.577,3.619
F,1.474,10.889,8.072
F,1.024,2.038,6.124
M,1.366,3.381,3.648
M,1.779,3.016,3.328
M,1.472,2.611,4.715
F,1.529,3.737,10.339
M,1.136,3.05,3.794
M,2.563,3.889,3.983
M,1.51,2.721,3.698
F,1.867,3.836,3.713
M,7.426,8.519,6.587
F,1.322,2.621,3.335
M,2.9,3.561,4.675
F,1.004,4.537,4.401
M,1.017,2.611,2.995
M,1.562,2.838,3.343
M,1.205,2.292,2.91
F,1.153,2.627,3.017
F,1.177,4.075,4.251
M,1.211,2.304,2.999
F,1.921,3.935,5.075
M,1.524,2.592,2.986
M,2.177,3.264,3.6
M,2.427,3.25,3.56
M,2.523,3.31,3.967
F,1.307,5.557,7.516
F,1.315,3.005,3.315
M,3.683,4.257,5.017
F,1.719,9.851,8.152
M,1.043,2.258,2.769
F,1.478,2.54,4.423
F,1.246,5.107,5.123
F,8.921,8.803,8.412
M,1.007,2.39,3.102
F,1.606,4.474,5.105
F,1.902,33.585,21.715
M,1.186,2.237,2.845
M,6.159,6.269,5.37
F,2.668,19.839,13.923
F,3.443,7.014,6.838
M,1.01,2.272,3.383
M,1.525,3.088,4.338
F,1.191,2.998,3.647
M,2.574,3.49,5.248
M,1.65,2.59,3.009
M,1.473,2.713,3.128
M,1.063,2.178,3.362
M,1.475,2.857,3.258
F,1.648,3.314,3.52
F,4.763,12.014,11.364
F,1.552,6.49,5.345
F,5.539,5.839,18.663
M,5.104,5.7,6.133
M,1.691,3.173,4.655
F,1.423,3.609,4.463
F,1.368,2.449,3.06
F,3.02,4.832,6.015
F,1.014,2.928,3.196
F,1.062,2.63,3.743
F,1.055,3.719,4.101
M,2.028,2.991,4.018
F,1.231,2.554,2.949
F,1.662,5.873,5.312
F,1.589,2.796,3.614
F,1.276,7.184,5.831
M,1.461,5.53,4.991
F,1.679,3.491,6.773
M,4.115,5.388,4.961
M,1.535,2.504,3.045
M,1.61,3.331,3.802
F,1.036,32.801,21.125
M,4.575,5.189,4.686
F,1.456,2.777,4.676
F,2.243,3.225,4.274
M,1.026,3.568,3.552
F,1.314,2.828,3.831
F,1.16,3.314,3.571
M,1.168,2.385,6.268
M,2.19,3.204,4.254
M,1.631,3.25,3.415
M,1.336,4.056,4.08
F,1.005,4.108,4.425
M,5.34,7.701,6.118
F,5.131,5.587,5.927
M,1.131,2.487,4.078
M,1.021,2.582,2.951
F,1.459,5.377,4.73
M,4.537,5.549,4.894
M,3.341,4.046,7.996
F,1.552,11.428,8.671
F,1.198,2.341,2.941
M,1.222,2.315,2.851
F,3.13,4.763,7.315
F,1.403,4.063,5.652
F,1.073,2.561,3.806
F,1.153,13.942,10.428
F,1.176,3.13,4.844
F,1.068,2.188,3.008
M,1.365,3.213,3.896
M,3.451,6.446,6.052
F,1.738,3.226,4.085
M,1.038,2.402,2.93
F,1.003,3.68,14.0
M,1.175,2.998,4.239
F,1.253,2.417,3.412
M,2.116,3.909,4.278
F,5.505,8.715,8.087
F,1.278,2.266,3.262
F,1.787,4.2,5.261
F,14.005,12.439,10.401
M,1.983,3.095,3.575
M,1.658,2.954,3.273
M,1.041,2.512,3.404
M,1.216,3.842,4.138
F,3.398,4.425,4.636
M,1.119,3.127,3.305
M,2.529,3.489,4.404
M,1.815,3.183,3.722
F,1.256,7.253,6.207
F,1.457,5.514,6.563
F,1.479,7.051,5.793
F,1.87,4.793,4.516
M,1.438,3.205,3.891
M,1.074,3.527,3.767
M,2.101,4.305,4.162
F,1.298,2.824,3.316
M,5.205,8.115,6.616
F,1.181,2.219,4.286
F,1.165,4.06,5.609
M,1.225,2.487,3.85
M,1.529,2.533,4.404
F,3.084,5.049,4.466
M,1.102,2.109,6.629
F,1.178,3.631,4.027
M,1.546,3.518,3.615
M,1.354,2.345,5.914
M,1.345,2.444,3.97
M,2.362,3.563,5.53
M,3.624,4.292,4.367
F,1.388,3.162,4.685
M,1.788,2.808,3.472
M,2.242,3.288,3.786
F,1.441,3.067,8.197
F,1.19,2.355,4.15
F,1.662,2.828,3.824
M,1.553,2.475,3.139
F,3.187,4.804,4.414
F,1.027,8.584,6.639
M,3.336,3.907,3.921
F,1.466,4.689,5.339
F,1.008,2.876,3.283
M,1.235,3.366,3.487
F,1.905,3.408,3.503
M,1.398,2.9,4.353
F,7.099,7.677,6.213
F,1.316,3.673,3.77
M,1.219,2.948,3.42
M,2.368,5.669,5.35
M,1.487,2.449,3.348
M,1.774,2.962,5.077
M,2.269,3.073,3.895
F,1.745,2.633,3.695
F,1.316,5.814,6.095
F,1.069,72.588,45.967
F,1.543,4.201,5.424
F,3.122,3.792,4.416
F,1.312,2.328,4.586
M,3.347,4.038,5.44
F,1.419,3.074,4.385
M,1.624,2.501,3.123
F,2.447,9.585,7.401
F,1.515,3.47,4.407
F,1.049,280.408,170.551
M,7.251,8.262,6.369
F,1.152,3.325,4.779
F,1.859,4.705,4.41
M,1.422,2.498,2.925
M,1.385,2.462,2.957
M,1.15,2.177,3.306
F,1.897,4.157,4.522
F,1.062,2.156,4.872
F,10.235,10.357,7.695
F,2.543,3.804,5.673
F,1.466,6.901,6.51
F,1.318,2.995,3.377
M,1.184,3.545,4.312
M,1.416,2.42,3.649
F,2.88,19.582,13.231
F,1.174,3.89,3.969
F,1.415,2.496,3.827
M,1.143,2.428,3.099
F,1.228,2.622,4.463
M,1.111,2.791,3.483
M,10.281,9.93,8.635
M,1.528,2.448,2.925
F,1.935,3.608,4.878
F,1.053,11.475,8.798
M,1.256,2.434,3.248
F,3.052,7.122,5.928
F,1.045,2.19,2.951
F,1.095,9.893,7.491
F,1.634,3.719,4.0
F,1.628,24.191,16.12
M,2.486,3.541,3.626
F,3.937,8.35,12.172
M,1.08,4.821,4.599
F,1.162,5.363,5.686
M,1.322,2.656,3.23
M,1.0,2.198,3.173
M,1.037,2.047,2.991
F,1.137,3.024,4.064
F,1.388,3.153,4.551
M,1.156,3.062,3.851
M,2.848,3.565,4.398
M,1.217,2.86,3.192
F,3.642,4.161,3.967
F,6.298,15.598,11.081
F,1.348,4.692,4.76
M,1.137,2.351,2.934
F,1.188,2.584,4.49
M,2.114,2.976,3.924
M,1.173,2.548,4.695
F,1.271,3.051,4.52
M,1.385,2.995,3.251
F,1.534,14.099,10.878
M,16.014,14.16,10.167
F,1.141,4.341,4.231
M,1.244,2.436,3.365
M,1.165,2.149,2.868
M,1.251,2.651,3.392
F,1.055,2.73,3.788
M,1.25,2.205,3.123
M,2.986,3.874,3.729
F,1.194,2.276,3.101
F,1.262,4.237,5.6
M,4.244,4.935,4.574
M,1.919,3.047,3.603
F,1.438,20.162,13.829
M,2.119,4.131,3.986
M,1.068,2.676,3.113
F,1.367,3.934,5.154
M,1.065,2.174,3.251
M,1.142,2.117,4.701
M,1.08,2.116,2.949
M,1.252,2.366,3.382
M,1.272,2.308,3.113
F,4.356,6.276,5.696
M,1.166,2.481,4.148
F,1.377,3.068,3.736
F,2.303,7.858,9.939
F,2.329,6.327,6.069
F,2.001,5.446,4.731
M,1.185,2.463,2.911
F,1.407,2.38,11.955
M,1.109,2.332,3.059
F,1.11,3.284,4.15
F,1.331,3.238,3.8
F,1.956,2.77,3.189
F,1.453,4.615,4.266
F,2.971,3.992,3.973
M,2.432,3.164,3.807
F,1.016,3.23,4.017
M,1.522,4.009,4.004
M,1.6,2.492,2.916
F,5.101,5.298,4.882
F,1.012,3.72,4.037
F,1.46,3.794,5.113
M,1.121,2.103,3.449
F,1.028,2.16,2.883
F,1.557,8.58,6.741
F,2.097,3.87,4.617
F,2.108,3.057,4.206
F,1.015,2.234,3.454
F,1.299,4.127,3.962
F,1.023,2.606,3.22
F,1.153,2.154,2.715
F,1.113,4.187,5.38
F,1.129,2.143,4.469
M,1.23,2.232,4.595
M,1.176,2.212,2.771
M,5.149,5.383,6.311
F,1.243,6.027,8.518
F,3.074,3.783,31.5
M,1.105,2.15,3.602
F,2.057,3.816,3.92
M,1.032,2.088,2.804
F,1.364,5.833,6.007
M,1.003,2.302,3.427
F,2.296,11.807,9.486
F,4.494,4.843,4.646
M,1.018,3.1,3.648
F,3.888,4.529,4.392
M,2.103,4.536,4.617
M,1.249,2.368,3.714
F,3.313,5.103,5.612
M,1.192,2.163,2.989
F,1.301,5.471,5.313
M,1.052,2.142,3.578
F,1.707,15.757,11.053
F,1.015,4.36,4.203
M,1.393,2.456,3.22
M,1.777,2.749,3.406
F,2.365,3.339,3.42
F,1.085,6.924,6.32
F,2.017,3.75,4.085
M,1.887,2.846,3.572
M,1.507,4.526,5.898
M,1.552,3.301,3.583
M,1.049,2.45,2.924
F,1.582,7.34,5.976
M,1.272,2.27,2.943
F,2.748,5.859,7.304
F,1.207,2.741,3.729
M,1.537,2.998,10.031
F,1.321,32.353,21.068
M,2.843,4.263,3.992
F,1.158,3.688,3.888
M,1.042,2.727,8.819
M,1.995,3.077,4.048
F,1.305,2.711,6.43
F,1.56,2.499,3.699
F,1.013,4.528,4.362
M,4.57,4.919,6.871
F,2.859,4.506,4.298
F,1.631,4.905,4.746
F,1.009,11.846,8.773
F,1.268,4.086,4.796
M,6.867,6.796,5.755
F,1.771,3.699,8.979
M,1.092,2.606,5.947
M,1.362,2.379,2.876
M,5.483,6.248,7.119
M,1.466,3.114,4.255
M,1.013,2.345,3.528
M,1.622,3.602,3.788
M,1.171,2.243,3.392
M,1.053,2.395,3.875
M,1.294,3.572,4.673
F,1.505,5.26,6.333
F,1.009,7.02,5.91
F,1.506,2.747,3.199
F,1.43,3.953,4.445
F,2.203,3.537,3.744
F,1.317,4.572,5.762
M,1.496,2.733,3.061
F,1.969,4.779,4.714
M,3.118,4.148,4.803
M,1.27,2.888,3.172
M,1.584,3.316,4.051
F,1.81,2.727,3.233
M,1.022,4.041,3.889
M,2.24,3.22,3.515
F,1.267,2.46,2.89
M,1.741,4.201,4.471
F,1.376,6.656,5.708
F,1.833,3.537,19.776
F,1.905,4.523,4.188
F,1.112,2.441,5.782
M,1.72,2.81,3.447
F,2.593,4.078,3.937
F,1.144,5.794,7.167
M,2.034,3.076,3.301
M,1.653,3.239,3.922
F,4.721,9.493,7.307
M,1.163,2.342,3.113
M,1.087,2.326,3.255
F,1.206,3.468,7.021
F,1.161,2.133,2.935
F,2.028,3.113,3.657
F,1.936,9.399,7.204
F,1.74,6.412,5.575
M,1.13,2.136,2.746
M,2.69,3.831,4.123
M,4.799,5.047,4.868
M,1.461,2.717,3.569
F,1.689,2.782,3.265
F,1.415,9.321,7.451
M,1.181,2.594,2.977
M,1.184,2.174,2.723
M,1.207,2.654,3.177
F,1.112,12.021,9.171
F,3.193,7.061,6.763
M,2.657,3.376,4.274
F,1.363,4.673,4.614
F,1.257,4.088,5.285
M,4.051,4.915,5.109
M,1.134,2.943,3.72
F,1.497,2.922,3.265
F,1.028,2.685,3.269
F,1.112,2.393,3.486
F,1.589,3.482,5.335
M,1.721,2.807,3.347
F,1.545,2.546,9.242
F,2.769,3.8,4.7
F,12.314,11.215,8.418
M,2.058,3.218,3.773
M,1.367,2.38,3.065
M,2.454,3.332,5.146
M,1.066,2.967,3.203
F,1.777,4.224,4.129
M,1.441,2.685,3.059
M,1.103,4.026,4.832
M,6.078,6.316,5.292
M,1.229,3.442,4.267
F,1.613,4.133,4.594
M,2.87,3.723,4.762
M,1.424,2.522,9.672
M,1.063,3.466,3.56
F,2.349,4.639,4.302
M,1.243,2.317,3.351
F,7.685,8.645,6.613
F,2.934,3.947,5.644
M,2.612,3.405,3.682
M,1.246,2.254,3.011
F,2.029,5.486,5.431
F,8.553,12.323,9.12
F,1.453,2.937,3.436
M,1.375,2.53,3.029
M,1.007,2.835,3.838
M,1.826,2.668,3.881
F,2.658,3.925,4.591
M,1.153,2.279,2.899
M,1.208,2.525,3.594
M,1.415,3.675,3.687
M,1.038,2.047,4.053
M,1.048,3.062,3.542
M,1.314,2.626,3.312
M,1.163,2.543,3.037
M,1.298,4.462,4.603
M,1.354,2.339,7.086
F,6.492,6.853,6.296
F,4.236,4.947,5.343
F,1.078,3.122,3.533
M,2.918,3.937,3.959
F,1.043,5.244,4.708
F,1.425,2.407,3.454
M,1.094,2.319,2.868
F,1.256,16.851,12.377
M,1.974,3.055,3.558
F,1.318,7.634,6.865
M,2.276,3.069,3.276
F,1.886,3.198,6.03
F,4.183,7.881,6.505
M,1.465,2.831,3.211
F,2.248,3.954,4.354
F,1.215,4.597,8.043
F,1.236,6.228,6.269
F,1.292,12.742,9.368
M,1.303,2.498,3.079
M,1.056,2.536,3.53
M,1.442,2.562,2.981
M,1.052,3.714,3.857
M,3.012,3.902,4.081
F,1.032,2.862,4.578
M,1.348,4.135,4.077
F,1.182,2.148,4.36
F,1.088,2.667,4.603
F,2.151,9.137,6.896
M,1.873,2.964,3.281
F,1.082,2.707,4.002
F,1.65,4.231,4.511
M,2.196,3.183,3.323
F,2.1,3.47,3.832
M,1.05,2.17,3.245
F,1.783,3.173,17.258
F,1.877,17.324,11.967
F,2.694,31.912,20.668
M,1.426,2.383,3.058
F,1.362,5.625,5.464
F,5.354,7.79,7.091
F,2.217,5.025,4.766
M,1.505,2.418,2.977
F,1.222,2.629,2.981
F,2.542,6.76,5.605
F,1.355,3.464,3.554
M,1.05,2.05,2.765
M,1.354,2.623,3.168
F,2.795,10.12,7.531
M,1.346,3.499,3.765
F,1.007,12.643,9.12
M,1.604,2.824,3.566
M,15.486,13.869,9.961
M,2.339,3.189,3.881
M,1.616,3.639,4.489
M,3.418,4.786,4.313
M,2.316,4.184,4.154
M,1.412,2.437,6.442
F,1.564,2.581,2.951
F,1.929,5.523,5.217
F,2.552,15.859,11.436
F,1.03,15.209,12.46
F,2.107,4.232,4.201
M,1.345,2.766,3.965
M,1.717,2.622,2.974
M,2.061,2.985,3.544
F,1.474,3.775,3.962
F,1.09,10.937,9.758
M,1.301,2.537,3.185
M,1.041,2.452,2.905
M,1.794,2.658,3.706
M,4.648,7.375,5.831
M,2.21,3.272,3.567
F,1.28,2.453,3.448
F,1.551,3.056,4.589
F,1.199,3.425,3.744
M,1.476,2.442,2.917
M,1.196,2.248,3.853
M,1.955,4.303,3.986
F,1.162,10.345,10.138
F,5.272,5.585,4.832
M,1.72,2.714,3.093
F,1.036,4.122,4.006
F,1.005,2.425,2.972
M,18.4,15.921,11.926
F,1.133,4.922,6.174
F,1.206,2.452,3.007
F,1.124,2.677,3.092
F,3.729,4.659,4.937
M,1.695,2.624,3.665
F,1.42,2.525,3.623
M,1.504,2.467,2.893
F,1.211,37.882,25.624
F,1.61,5.681,6.027
F,1.313,21.075,15.278
F,1.117,3.695,3.789
M,1.706,2.737,3.077
F,1.264,2.446,28.333
M,2.157,3.221,3.671
M,1.308,2.552,3.687
F,1.426,6.533,5.393
F,2.169,4.28,4.558
M,1.346,2.367,3.189
F,5.441,10.811,7.981
M,2.198,3.024,3.432
M,2.4,3.462,5.012
M,4.658,4.944,5.036
M,1.279,2.423,3.624
F,1.543,4.892,6.948
F,1.807,2.838,3.389
F,1.75,3.926,5.41
F,4.61,6.29,5.247
F,1.185,14.187,10.666
M,1.188,2.43,3.264
F,3.492,4.096,4.314
M,2.232,3.051,3.344
M,1.12,2.232,3.026
M,1.525,3.268,4.563
M,1.983,2.91,3.914
F,1.243,4.067,4.312
M,1.33,2.297,5.769
F,1.535,2.732,4.66
M,1.37,2.751,3.072
F,2.012,2.94,4.568
M,1.003,2.627,3.712
F,1.33,3.242,3.381
F,1.229,2.649,6.755
F,1.6,10.796,8.395
M,2.113,3.432,3.593
M,1.04,2.059,2.942
F,1.09,4.51,6.14
F,1.728,2.879,3.345
F,1.955,16.613,14.744
F,1.558,2.665,3.046
F,7.626,9.231,7.006
F,1.413,2.715,3.841
F,1.076,21.61,14.966
F,1.785,3.205,4.365
F,1.585,4.192,3.947
M,1.563,2.507,3.052
F,1.484,3.492,4.665
M,4.052,4.882,4.541
M,1.072,2.818,3.271
F,1.039,3.54,5.422
F,1.087,4.918,6.051
F,1.151,9.436,8.434
F,1.567,2.965,4.073
M,1.606,2.663,5.517
F,1.142,2.15,2.705
M,1.399,2.69,3.094
M,1.39,5.042,4.744
M,1.352,2.953,3.334
F,2.256,163.65,99.856
M,1.376,2.569,6.725
F,2.034,6.379,5.26
M,1.095,2.149,2.702
M,1.462,2.61,5.051
M,2.384,3.6,3.644
M,1.103,2.347,2.829
F,1.367,2.33,3.301
M,1.599,2.642,4.439
F,1.108,4.591,4.435
F,2.028,3.606,7.542
F,1.042,3.009,5.62
F,4.32,11.8,8.73
M,1.371,2.429,3.152
F,1.227,4.106,7.533
M,1.064,3.089,3.316
F,1.328,7.285,5.816
F,1.714,2.948,3.323
F,1.051,2.105,2.854
M,1.201,2.297,2.874
F,2.469,3.433,3.482
F,1.681,2.579,4.182
M,1.123,2.252,2.836
F,1.092,3.378,3.924
M,3.236,4.292,4.036
M,1.184,2.353,3.041
M,1.104,2.178,2.964
M,166.71,134.957,84.133
F,1.203,5.808,6.064
M,1.069,2.638,4.663
M,1.363,3.385,3.782
M,1.33,2.393,2.925
F,3.696,5.371,5.045
M,1.075,2.36,3.306
F,1.049,2.608,3.632
F,1.05,4.667,7.148
F,3.232,3.972,4.576
F,1.348,7.237,5.966
M,1.085,2.083,5.118
F,1.569,3.217,3.47
F,1.471,4.232,4.474
F,1.117,2.978,5.964
M,1.587,2.982,3.904
M,1.231,2.201,3.128
M,1.146,3.269,4.025
F,1.429,2.444,3.334
M,1.188,2.294,3.033
M,1.134,2.254,3.299
M,2.883,3.511,4.292
F,1.088,2.195,6.915
F,1.179,9.045,8.89
F,1.276,6.374,10.886
M,1.173,2.814,3.147
F,1.126,4.763,16.503
F,2.09,2.969,3.347
F,1.221,2.688,3.073
M,1.061,2.052,3.231
M,1.476,2.406,3.477
F,1.069,2.103,9.915
F,1.248,2.496,4.423
M,2.909,3.551,3.784
M,1.259,2.214,3.229
F,1.65,2.909,3.986
F,1.435,7.114,7.159
F,1.077,2.133,3.443
F,1.688,79.017,49.197
F,2.636,5.613,5.848
F,1.05,9.851,7.516
M,2.015,3.332,3.615
F,1.797,6.815,5.542
M,2.739,3.543,4.588
F,1.056,2.461,2.929
M,1.2,2.687,3.188
M,1.809,3.028,5.146
F,1.011,3.236,4.051
F,1.939,3.01,3.389
F,2.654,3.683,18.809
F,1.352,3.747,6.302
F,1.33,3.097,3.309
M,1.177,4.527,4.244
F,1.003,3.486,4.432
F,1.109,2.998,3.363
M,7.047,8.908,7.155
M,2.745,3.435,3.548
M,1.168,2.268,3.392
F,5.252,6.038,5.667
M,1.258,3.282,6.447
M,1.193,2.903,3.21
F,1.086,2.595,3.601
M,3.188,4.935,4.547
F,8.768,8.295,7.226
M,1.219,2.481,2.999
F,1.836,4.944,8.092
F,1.227,2.726,3.503
F,1.057,2.135,3.138
F,1.283,2.642,4.614
M,1.493,2.691,4.71
M,1.068,2.218,3.087
F,2.346,3.93,5.286
F,1.41,2.452,2.984
F,1.143,2.132,2.898
F,1.567,11.059,9.162
F,2.199,3.061,7.009
M,1.22,2.323,2.853
F,1.83,5.036,4.526
M,1.322,3.289,6.776
M,5.274,5.585,4.796
F,2.089,5.12,4.503
M,1.246,2.482,3.292
F,1.009,2.072,2.833
M,1.709,2.796,3.253
M,1.117,2.105,3.193
M,1.067,4.494,4.314
F,3.829,8.109,26.102
M,139.987,113.367,69.547
F,1.17,2.504,5.317
F,1.197,2.958,5.738
M,1.094,2.238,3.039
F,1.358,2.994,28.922
F,2.73,16.947,11.821
F,1.83,3.479,3.556
M,2.551,3.924,4.205
F,1.138,2.334,2.806
M,1.926,3.088,3.588
M,3.503,4.308,5.147
F,1.18,3.879,4.165
F,1.798,5.187,4.681
M,1.292,3.35,3.555
M,1.187,2.259,4.525
M,5.738,5.999,5.609
F,1.239,2.264,2.887
M,1.059,2.51,3.229
M,1.279,4.004,4.326
M,1.346,2.496,3.268
F,2.009,44.087,29.472
F,4.468,6.559,5.34
F,2.338,3.392,3.686
F,3.805,5.595,5.503
M,1.38,2.791,3.487
M,1.888,3.24,3.396
F,1.203,4.278,4.108
F,1.037,2.31,4.203
M,1.255,2.301,3.188
M,1.819,2.771,3.631
F,1.174,5.434,6.531
F,2.686,4.546,4.898
M,2.186,3.488,3.68
F,1.114,6.872,6.151
M,1.222,2.561,3.003
F,2.393,4.183,4.151
M,1.15,2.345,3.403
F,1.223,3.566,3.569
F,1.234,2.398,2.839
F,2.242,7.413,8.614
F,1.019,14.57,16.155
F,1.039,7.227,8.893
M,1.54,3.365,3.537
M,1.288,3.194,4.153
M,1.65,2.6,3.276
F,1.168,287.517,173.963
M,3.326,4.375,4.999
M,2.045,3.076,4.273
M,1.036,3.318,4.136
F,2.151,4.594,26.594
M,5.734,11.059,13.67
M,4.168,5.245,4.642
F,1.944,3.453,5.167
M,1.068,2.741,3.65
F,1.536,5.675,6.082
F,1.182,2.692,16.292
F,5.794,14.996,12.461
M,1.881,2.767,3.313
M,1.603,2.679,5.134
F,1.811,4.748,6.811
M,1.334,2.559,3.641
M,1.263,2.761,5.174
F,3.947,456.617,275.88
F,1.223,2.28,3.983
M,1.021,2.745,3.049
F,1.292,7.606,6.695
F,2.184,3.419,4.715
F,1.687,2.96,3.559
M,5.141,5.57,6.091
M,1.058,2.264,3.105
F,3.362,5.128,4.73
F,1.259,2.529,3.603
F,1.379,3.474,6.639
F,1.323,7.467,6.965
M,1.064,3.304,5.784
F,1.153,4.523,4.598
M,1.97,2.92,3.755
F,1.012,10.276,8.462
M,1.075,2.3,2.913
M,1.013,2.121,3.479
F,2.648,3.505,3.553
F,1.617,32.599,21.707
M,1.098,2.115,2.764
F,2.08,4.216,4.083
M,5.488,5.684,8.554
M,3.909,5.486,4.937
F,3.57,4.346,4.628
M,1.004,2.675,3.621
M,1.56,2.522,3.275
M,1.16,3.962,4.532
M,1.516,2.937,3.175
F,1.211,3.02,4.274
M,1.087,4.454,4.268
F,1.342,3.595,6.188
M,1.407,2.536,2.996
F,9.885,9.341,7.026
F,1.022,5.12,4.517
F,1.196,3.93,4.383
F,2.598,3.623,3.754
M,1.714,2.692,3.847
F,2.402,3.461,3.517
F,1.716,3.753,3.852
F,2.039,2.891,5.133
M,1.404,2.468,2.903
F,1.121,5.453,6.31
F,2.294,5.003,4.488
F,1.521,7.832,8.23
M,1.078,2.754,3.986
F,2.264,3.037,3.406
F,4.914,6.719,5.842
M,1.237,2.444,3.183
F,1.19,2.831,3.496
M,1.044,6.933,5.675
M,1.726,3.095,3.382
F,4.936,5.551,5.848
M,1.076,2.407,2.923
F,1.394,2.441,3.117
F,1.053,5.553,4.778
F,1.018,2.654,3.175
F,1.726,2.825,3.122
F,2.749,3.632,4.728
M,1.229,2.189,2.977
M,2.837,4.251,4.19
M,1.064,2.705,3.37
F,1.146,3.247,3.577
M,3.188,3.906,3.968
F,1.426,3.114,4.057
F,1.598,11.631,8.568
F,1.02,2.181,3.217
F,1.071,2.093,3.403
F,1.029,2.353,2.92
M,3.244,4.129,4.059
F,1.075,2.069,3.334
M,2.579,3.308,3.646
M,1.241,2.781,3.799
F,2.239,3.966,3.976
M,1.255,4.232,4.27
M,1.169,3.62,4.656
M,1.05,2.177,2.78
F,1.179,2.872,6.042
M,1.376,3.864,4.025
F,2.341,4.725,4.776
F,1.351,2.985,4.111
M,5.917,6.787,5.888
M,1.477,4.021,4.907
M,1.013,2.553,3.032
M,1.308,2.356,2.88
M,1.793,3.557,3.684
M,1.143,2.354,12.198
F,1.822,5.431,4.734
M,1.419,2.634,3.382
M,1.013,3.891,4.631
F,2.105,2.972,5.205
M,1.508,2.476,5.495
F,1.044,2.325,21.533
F,1.38,2.645,3.679
F,1.185,2.517,3.117
M,2.883,3.575,3.933
M,1.183,2.725,3.817
F,4.141,4.848,4.844
M,1.484,2.5,3.056
M,1.216,2.264,3.848
F,2.316,3.848,5.696
M,1.818,4.923,4.782
M,1.306,2.442,3.368
F,1.643,3.023,3.821
F,2.125,2.989,4.793
M,2.596,3.464,4.975
F,2.334,3.43,3.459
M,1.095,2.815,6.392
M,2.414,3.179,3.519
F,1.031,2.226,3.142
F,1.118,2.558,3.295
M,1.628,2.647,4.191
M,1.063,3.09,4.039
F,1.588,7.02,5.757
F,1.202,3.81,4.105
F,1.324,2.746,3.049
F,1.208,2.729,4.792
F,1.037,3.772,3.865
F,1.415,5.745,4.909
F,5.241,6.141,6.089
M,1.605,2.806,3.204
M,1.195,3.446,3.893
F,4.775,7.247,5.877
M,1.28,2.573,3.9
M,1.818,2.685,6.95
M,1.653,2.603,3.016
M,4.608,4.98,5.574
M,3.422,4.399,4.391
F,1.083,2.212,2.765
F,1.046,2.072,3.267
M,2.292,3.226,3.679
F,3.243,6.863,8.366
F,1.404,5.035,4.745
F,1.798,7.226,7.179
M,1.037,2.615,3.037
M,1.132,2.553,3.181
M,1.084,2.366,3.232
F,1.583,2.783,3.217
F,1.116,3.674,3.768
F,1.031,4.127,4.088
F,1.197,2.327,4.157
M,1.76,2.992,5.443
F,1.539,2.561,3.035
F,1.222,3.627,4.259
M,2.451,3.232,3.415
M,1.175,2.192,2.742
F,1.163,2.283,2.798
F,1.507,14.693,10.668
M,1.384,2.734,3.324
M,1.343,2.396,3.452
F,1.088,2.163,3.09
M,1.421,2.687,3.139
F,1.162,2.333,2.872
F,1.283,6.441,6.003
F,1.937,3.931,3.941
F,3.98,7.571,6.316
M,2.103,3.102,3.269
F,1.297,5.069,4.657
F,1.568,5.059,5.405
M,1.986,3.168,3.364
M,1.307,3.283,3.978
M,1.25,2.606,4.262
M,1.075,2.46,4.235
F,1.947,3.292,3.5
F,2.488,19.511,13.625
F,1.21,3.453,6.383
M,2.149,3.136,4.047
F,1.602,3.899,6.17
F,2.152,3.126,3.663
M,1.303,2.372,3.186
M,1.99,2.948,4.738
F,1.3,3.515,3.962
F,1.048,4.779,5.305
M,1.492,2.537,3.205
F,1.354,2.472,4.074
F,1.157,3.648,4.44
M,3.045,4.718,4.531
F,1.273,3.081,3.933
F,1.02,3.105,4.072
M,1.272,2.362,4.248
M,1.318,3.138,3.923
M,2.688,3.403,4.166
F,2.232,3.233,10.013
M,1.118,35.045,22.46
F,2.492,5.77,5.015
M,1.153,2.486,3.082
M,1.233,3.022,5.518
M,1.041,9.047,6.955
F,1.029,2.306,3.507
M,1.77,3.439,3.523
M,3.612,4.269,4.117
M,1.404,2.983,3.349
F,2.533,6.131,6.271
F,2.202,720.343,433.689
M,1.727,2.63,3.821
M,6.777,6.623,5.553
F,2.248,6.557,6.646
M,1.174,2.528,3.147
F,2.177,5.624,5.223
M,1.804,3.357,3.478
M,1.29,2.538,2.976
M,1.041,2.223,3.15
F,1.128,6.128,6.001
M,2.221,3.184,3.356
F,1.154,4.099,3.969
M,21.607,19.816,13.305
M,1.808,2.717,3.115
M,1.383,2.31,2.909
M,1.526,2.545,3.597
F,1.603,7.208,5.773
F,5.675,7.31,6.89
F,1.092,23.162,15.713
F,1.172,3.592,3.667
F,1.856,3.119,12.403
F,1.147,6.043,5.614
F,2.787,5.734,5.107
F,1.237,7.682,6.05
F,1.105,4.498,4.39
M,1.025,2.286,3.292
F,1.573,2.918,3.363
M,2.392,3.137,3.736
M,1.173,2.295,2.938
M,3.482,4.005,3.824
M,2.032,3.073,3.516
M,1.032,2.133,2.901
F,1.53,5.273,4.776
M,1.52,2.52,3.311
M,1.12,2.13,2.929
M,1.226,3.186,5.71
M,1.359,2.312,3.322
F,1.025,5.638,5.131
M,1.085,3.771,3.78
F,1.094,2.219,3.751
F,1.269,3.741,7.198
M,1.99,3.058,3.78
F,2.435,7.909,8.135
M,1.093,2.536,3.578
F,2.008,3.269,8.053
M,1.743,2.595,3.223
M,3.025,3.915,4.643
F,5.661,15.861,11.515
M,1.069,3.488,3.517
F,1.043,2.206,2.733
F,2.235,10.401,8.087
F,1.093,2.117,3.671
M,1.114,2.131,3.996
F,2.912,37.854,24.136
F,4.048,5.196,8.923
F,1.211,2.26,5.48
M,2.517,3.497,4.888
F,2.662,3.387,4.375
M,1.592,2.48,3.214
F,1.518,3.953,5.534
M,1.535,2.527,3.028
F,1.196,4.131,4.143
F,1.62,3.1,3.399
M,1.15,2.178,12.385
M,1.103,5.685,4.914
F,1.305,2.644,4.146
M,1.844,2.701,3.342
F,1.625,2.964,3.202
M,5.336,5.591,4.795
M,1.682,2.697,5.006
F,1.079,2.726,4.405
F,1.092,7.033,6.297
M,1.05,2.065,2.753
F,1.112,2.749,3.054
F,1.577,2.601,4.497
M,2.487,6.585,5.537
F,3.07,3.857,3.894
M,1.291,2.524,3.006
M,1.505,2.696,4.048
F,2.289,7.315,6.662
F,1.206,2.613,3.905
F,1.573,5.834,8.628
M,1.1,2.091,4.193
M,1.382,3.979,4.435
M,1.1,2.122,5.403
F,1.364,3.402,3.636
F,1.288,2.482,2.903
M,1.328,2.461,4.749
F,1.15,4.272,4.195
M,1.076,2.124,5.947
M,1.175,2.285,2.894
M,1.147,2.67,3.163
F,1.94,9.271,10.215
F,1.88,4.451,5.905
F,1.551,3.757,3.728
M,1.049,2.087,3.115
M,1.518,2.48,2.97
M,1.042,4.291,4.01
M,1.009,2.008,3.125
M,1.243,2.491,2.933
M,1.147,2.839,3.436
F,1.571,2.775,3.92
F,3.744,5.215,8.802
F,1.889,3.879,7.317
M,2.073,2.986,3.703
M,4.513,6.035,5.388
F,1.653,17.356,12.781
F,1.539,6.018,8.722
F,1.585,2.478,16.196
F,2.73,5.418,4.674
M,1.278,2.333,5.883
M,2.21,3.099,4.266
M,1.696,2.641,3.021
M,1.199,2.552,3.926
F,1.007,2.974,4.195
M,1.125,2.189,4.39
M,1.826,4.41,4.363
F,1.542,2.811,3.673
M,1.174,2.923,4.319
F,1.33,2.294,3.325
M,1.718,2.658,3.391
M,1.07,2.977,3.323
F,1.327,3.65,3.901
M,1.309,2.744,3.214
M,1.479,2.629,3.0
F,1.446,3.283,4.138
F,1.258,2.378,4.956
M,2.053,2.92,4.038
M,1.035,3.602,3.7
M,1.018,2.286,3.251
M,1.313,2.536,3.274
M,3.111,4.219,4.995
F,1.177,2.158,3.036
M,1.099,2.426,2.873
F,3.732,13.451,12.24
F,1.096,2.937,4.2
M,1.265,2.445,2.964
F,1.921,3.732,3.81
M,1.163,3.215,3.587
F,1.139,3.989,4.328
F,1.288,5.78,5.179
F,2.169,5.992,5.607
F,3.352,3.946,6.636
F,1.016,52.314,33.69
F,1.094,4.96,4.739
M,4.915,5.534,6.02
F,1.567,2.51,4.044
F,1.493,15.843,11.702
F,2.316,4.115,4.482
F,1.021,14.329,10.063
F,1.007,2.869,3.916
M,5.546,6.036,5.28
F,2.415,13.223,10.021
M,1.99,3.066,3.303
M,1.088,2.152,3.633
M,1.382,2.549,3.308
M,3.993,4.603,5.294
M,3.881,4.963,4.49
F,1.005,8.338,10.629
M,2.01,2.813,3.554
M,1.003,2.309,2.823
F,7.981,8.023,6.504
M,1.31,2.322,6.805
M,6.145,6.645,5.909
F,1.258,8.303,6.82
F,1.189,3.585,6.973
M,1.209,2.257,2.98
M,1.927,3.45,4.284
M,1.118,2.428,2.933
F,2.712,8.312,7.531
M,1.563,4.909,4.699
F,5.765,6.679,5.853
M,8.799,8.403,6.571
M,1.108,2.226,7.361
M,4.756,5.579,4.811
M,1.024,4.765,4.37
F,1.014,2.492,3.269
M,4.221,4.852,4.378
M,5.157,5.723,6.922
F,1.083,26.91,20.823
F,1.339,2.665,3.467
M,1.406,4.683,4.565
M,2.675,3.677,3.637
M,1.639,3.164,4.474
M,2.106,3.677,4.527
M,1.394,2.389,3.087
F,1.686,48.864,31.254
M,1.944,5.722,5.438
M,1.953,3.909,4.07
F,1.001,8.461,6.719
M,1.054,2.212,2.902
F,1.254,9.115,7.484
F,1.032,11.571,25.874
F,1.273,2.655,3.553
M,1.28,2.301,2.808
F,3.541,7.77,10.317
F,1.52,4.058,4.115
F,1.845,2.821,3.122
F,2.977,4.38,4.082
F,1.339,2.867,3.258
M,1.001,2.521,3.47
M,1.183,2.386,3.063
F,2.32,5.271,8.031
F,3.192,8.535,8.2
M,1.242,2.8,3.273
M,1.19,2.605,7.388
F,3.639,15.741,11.869
M,1.241,2.313,2.796
F,1.696,3.793,4.187
M,1.179,2.864,4.846
F,1.053,2.389,3.102
F,1.416,2.655,6.77
M,3.609,4.65,4.715
M,1.619,3.285,3.845
M,1.124,3.377,3.656
M,1.775,2.883,5.723
F,2.078,5.892,5.391
M,1.213,2.248,3.307
M,1.506,2.566,3.502
M,1.773,3.093,3.83
F,1.091,2.281,3.049
F,5.278,31.3,22.586
F,1.35,2.456,3.67
M,7.012,7.588,6.202
M,1.111,2.252,2.945
M,1.392,2.977,3.244
M,1.095,2.302,3.298
M,1.005,2.703,3.95
M,1.145,3.505,3.784
M,1.294,2.659,4.788
F,1.326,2.496,2.995
F,2.968,26.899,18.096
F,1.657,3.892,4.677
M,1.33,2.378,3.281
M,9.128,8.732,8.156
M,1.61,3.125,3.93
F,1.215,19.519,15.059
F,1.8,14.286,10.98
M,1.408,2.389,3.045
F,2.901,11.68,8.65
M,3.109,4.102,4.078
M,1.257,2.436,3.129
F,1.512,3.45,5.434
M,1.167,2.967,3.898
F,1.637,9.04,8.788
M,11.431,10.861,9.838
M,2.444,3.18,4.364
F,1.256,7.27,11.57
F,1.051,2.073,7.496
F,5.478,6.343,5.505
M,1.28,2.483,3.143
M,1.19,2.47,3.344
M,1.209,2.292,3.445
M,1.4,2.558,3.259
M,4.809,5.857,5.861
F,8.646,8.563,7.446
F,1.192,7.379,6.63
F,1.242,2.209,2.84
M,1.431,2.408,2.935
F,1.004,16.868,11.81
F,1.101,3.147,9.115
F,3.955,4.428,4.113
M,1.015,2.455,5.575
M,1.055,2.314,3.126
F,1.314,2.368,3.285
F,1.93,3.384,5.608
F,1.17,4.048,5.839
M,1.2,2.628,3.046
M,1.2,3.441,4.508
M,2.802,3.746,4.024
M,1.137,2.154,2.887
F,1.512,2.563,3.02
M,120.514,97.848,60.597
M,1.919,2.82,4.012
M,1.228,3.778,5.151
M,2.065,2.951,6.36
F,4.658,5.651,4.886
M,1.263,2.535,3.178
M,1.851,2.852,3.135
M,1.04,2.559,3.496
M,3.09,4.108,5.366
M,1.052,3.896,4.4
F,1.263,8.151,6.681
F,1.478,4.205,5.38
M,1.165,2.394,10.759
F,1.689,4.466,4.08
M,1.498,2.86,4.233
F,1.88,3.147,3.594
F,1.244,2.455,4.257
M,1.484,2.719,3.163
F,2.307,3.578,3.714
M,2.298,3.25,4.384
F,1.871,2.699,4.522
M,1.478,2.94,4.204
M,1.749,2.624,3.819
M,1.046,2.707,3.072
F,1.375,2.615,5.66
F,2.674,3.576,3.92
F,1.596,4.281,4.153
F,4.141,75.921,47.682
M,1.164,2.372,3.036
F,1.052,10.024,8.614
M,1.637,2.535,3.6
M,1.049,2.36,4.051
M,2.142,3.472,9.607
M,1.16,2.332,3.791
M,1.472,2.435,2.934
M,2.303,3.048,4.09
M,2.172,3.15,3.74
F,1.409,5.791,5.593
F,6.434,132.155,81.013
F,1.411,3.364,3.546
F,1.178,2.644,3.126
M,1.197,2.341,2.832
M,1.975,2.819,4.107
F,1.333,3.249,4.716
F,1.312,4.268,6.259
M,1.01,2.47,3.583
M,1.2,2.165,2.787
F,2.676,5.417,5.975
M,2.256,3.534,3.958
M,1.986,3.103,3.316
F,1.012,22.58,18.093
F,1.014,2.428,5.936
F,1.205,9.068,7.736
F,1.379,2.557,3.372
F,3.329,4.289,4.177
F,1.275,2.529,2.991
M,1.186,3.418,4.469
F,1.527,7.033,11.898
F,3.424,4.923,4.364
F,1.956,3.494,4.037
F,2.641,3.329,3.478
F,1.106,4.911,4.782
F,1.069,35.081,23.21
M,1.481,3.168,3.589
M,1.818,2.765,3.067
M,4.713,5.1,9.149
M,1.261,2.45,4.802
F,1.237,3.016,4.744
F,1.437,2.713,3.436
F,1.782,7.184,6.823
F,1.518,6.824,6.693
F,1.9,5.608,5.089
M,1.27,2.218,2.75
F,2.694,16.679,12.286
M,1.106,2.262,5.11
M,1.209,2.179,3.523
M,2.102,3.364,3.545
F,1.227,5.555,5.433
F,1.736,5.036,4.814
F,1.185,2.918,3.83
M,1.109,3.205,4.073
F,1.196,2.822,3.647
F,2.975,4.979,7.715
M,1.362,3.895,4.41
M,1.136,2.761,3.275
M,1.214,2.212,3.247
M,1.001,2.78,3.383
M,2.024,4.219,4.894
F,1.136,7.782,6.074
M,1.577,2.751,3.528
M,1.013,2.956,3.185
F,2.458,3.265,11.698
M,1.109,2.211,3.099
M,1.002,3.152,3.452
M,1.196,2.174,2.76
M,3.546,4.258,4.164
F,1.165,9.532,8.034
M,1.419,2.596,6.218
M,1.299,2.275,2.812
F,1.19,3.171,3.478
M,3.71,4.83,4.458
M,2.177,3.104,4.134
M,2.049,4.284,4.009
F,1.453,21.431,17.167
F,2.39,3.354,3.596
M,1.359,2.327,3.531
M,1.367,2.445,3.722
F,1.405,3.384,6.312
M,1.145,2.186,2.825
F,3.619,4.477,5.348
M,1.161,3.888,3.952
F,1.117,5.102,4.851
F,1.15,3.905,4.339
M,2.34,3.681,3.676
F,2.079,2.866,3.468
M,1.321,2.322,4.979
M,1.007,2.582,3.045
F,6.42,9.346,7.299
F,1.074,9.021,8.601
F,2.594,4.971,4.599
M,2.14,3.287,3.459
M,4.019,4.636,4.284
M,2.101,3.793,8.04
M,1.223,3.247,3.621
M,1.141,2.379,3.083
F,1.268,2.936,4.602
F,1.12,2.16,2.742
F,1.888,7.282,5.906
M,2.401,3.663,4.337
F,1.682,3.485,3.788
M,1.108,2.403,3.537
M,1.019,3.368,3.431
F,1.544,11.045,8.814
F,1.364,2.553,3.606
F,1.118,8.842,6.819
F,1.258,3.454,3.564
F,1.477,2.524,6.737
F,1.651,3.063,3.828
M,1.382,2.873,3.148
F,5.912,15.991,11.112
F,1.024,2.165,3.746
M,1.71,3.01,3.544
M,3.325,4.411,4.543
M,1.144,2.252,3.069
M,1.128,2.824,5.022
M,2.051,2.885,4.235
M,1.395,2.431,6.629
F,11.306,10.246,11.827
F,1.56,3.661,4.885
F,3.614,4.52,4.151
M,1.006,2.038,15.733
M,1.088,3.309,3.719
F,1.78,2.922,3.198
M,1.309,2.634,8.42
M,2.469,3.309,3.841
F,1.323,4.04,4.327
M,1.867,3.203,3.331
M,1.518,3.061,3.524
M,1.066,2.202,2.819
M,1.883,2.726,3.773
M,1.845,3.773,3.667
M,1.063,4.683,4.614
M,1.511,3.685,3.632
F,1.227,2.29,3.995
M,1.359,3.091,5.735
F,1.316,3.388,3.464
M,1.057,2.52,2.964
F,1.09,3.962,4.389
M,1.046,2.386,6.82
M,1.113,2.636,3.252
F,2.603,5.21,5.384
F,1.012,3.646,5.055
M,1.326,2.324,4.759
M,2.241,4.132,3.973
M,1.054,2.757,4.795
M,1.138,4.557,4.678
F,1.915,7.294,7.552
F,1.684,4.222,4.201
M,1.513,3.963,4.142
F,1.099,4.35,4.184
F,2.206,3.504,5.774
F,1.079,2.319,2.961
F,1.075,3.893,4.419
M,2.209,3.638,3.86
M,1.259,3.149,3.313
F,1.206,2.644,3.412
M,1.177,3.545,4.462
M,1.217,2.574,3.343
M,1.231,2.826,3.276
M,1.815,3.532,3.823
F,1.147,18.38,13.975
F,1.217,2.664,4.029
M,2.114,3.108,3.321
F,3.393,14.711,10.871
F,1.607,8.535,6.685
M,1.057,2.268,6.388
M,1.477,2.662,3.787
M,1.639,3.139,3.324
M,1.207,2.191,2.855
F,2.411,3.826,3.754
M,2.142,3.01,3.439
M,1.534,2.759,4.147
F,1.081,6.131,5.128
F,1.818,2.833,3.232
F,3.091,92.933,57.395
F,1.155,3.176,4.189
F,4.92,9.223,14.332
M,2.091,3.06,4.328
M,1.196,2.457,2.983
F,1.615,35.446,23.867
F,1.202,4.836,5.003
F,1.054,2.075,3.208
F,2.385,3.47,6.707
F,1.73,3.004,3.984
M,1.61,4.765,4.33
M,1.08,2.821,3.179
M,1.267,2.766,4.936
M,2.847,3.507,3.544
M,1.093,2.94,3.235
M,1.025,2.103,3.254
M,1.112,2.156,2.817
M,1.155,3.286,4.48
M,2.15,2.922,3.428
M,1.686,2.575,3.289
F,1.009,15.696,10.918
M,1.009,2.129,2.691
F,1.52,6.533,6.773
M,1.651,3.036,3.258
M,1.069,2.104,3.231
F,1.602,7.133,6.339
F,1.147,2.432,3.477
F,1.228,4.922,4.626
M,1.301,2.448,3.71
F,1.064,3.487,3.9
M,5.205,7.343,5.885
M,6.174,6.265,5.186
F,1.342,2.791,3.401
M,1.16,2.275,3.278
F,4.914,5.836,5.087
F,2.344,4.71,5.583
M,1.904,3.576,3.601
M,1.363,3.619,3.904
F,1.303,2.32,3.449
M,2.129,3.406,4.528
F,1.443,4.098,3.95
M,1.716,3.003,3.203
M,1.518,3.244,3.752
M,1.864,4.521,4.191
F,1.051,5.607,5.504
F,1.268,2.463,2.901
F,1.096,27.338,18.365
M,1.149,3.259,3.607
M,1.119,2.246,2.829
M,1.419,2.388,3.161
F,1.01,6.993,6.132
F,5.268,54.958,34.425
F,1.442,2.529,3.98
F,1.027,4.264,7.324
F,1.773,2.631,3.83
M,1.17,2.15,3.235
M,1.058,2.85,3.928
M,2.428,4.05,5.931
M,1.117,2.278,6.757
M,1.057,2.308,3.14
M,1.03,2.81,5.368
M,1.919,3.834,3.924
M,1.703,2.699,3.779
F,1.004,6.366,9.388
M,1.133,2.2,2.728
F,1.84,3.643,7.153
F,1.086,5.138,7.212
F,1.537,5.049,4.6
F,1.127,3.313,3.81
M,1.347,2.814,3.151
F,2.746,3.461,4.861
M,1.197,2.302,3.691
M,1.784,2.729,4.483
F,1.334,2.374,3.298
F,1.052,2.356,3.715
M,1.251,3.312,4.586
F,2.51,13.578,9.617
M,6.091,6.42,5.312
M,2.541,3.529,4.587
M,1.093,2.351,3.111
F,1.236,30.289,21.327
M,2.434,5.026,4.416
F,1.497,2.729,3.126
F,2.114,3.017,3.572
F,2.121,2.966,3.584
F,1.038,2.698,5.053
M,1.233,2.423,3.23
M,1.385,2.428,4.679
F,4.273,18.461,12.922
M,3.135,4.705,4.256
F,1.317,5.749,5.351
M,1.052,2.337,3.073
M,1.296,3.515,3.935
M,1.468,4.333,4.568
F,3.234,13.27,9.405
M,1.191,2.28,3.297
F,1.203,9.801,7.383
M,1.638,2.696,3.308
F,1.422,2.506,5.77
F,1.115,5.573,4.848
M,1.081,2.948,3.283
F,1.4,91.896,56.981
F,2.129,4.015,3.853
M,2.126,3.022,3.38
M,6.429,6.37,5.26
F,1.273,3.063,3.774
F,1.282,3.866,4.463
M,1.001,2.309,3.606
M,2.425,3.213,5.222
M,1.682,2.747,3.344
F,2.085,16.285,12.066
F,1.374,3.319,3.435
F,3.54,5.292,5.108
M,1.015,2.297,4.142
M,1.063,2.261,3.245
M,1.266,2.238,2.98
F,1.045,2.393,2.903
F,1.047,3.238,3.92
F,1.519,4.103,7.372
F,1.129,3.203,3.377
M,1.636,2.704,3.424
M,3.764,5.075,4.73
M,2.383,3.689,4.464
M,1.153,4.086,3.93
F,1.048,2.073,2.781
M,4.481,5.475,5.415
F,13.479,12.062,9.712
F,1.264,2.704,3.638
M,1.362,3.841,3.707
F,1.082,6.207,7.409
M,1.858,3.209,7.941
F,1.315,3.051,4.258
M,2.253,3.023,5.265
M,1.538,2.557,3.78
M,1.022,2.311,3.442
M,1.226,2.422,3.071
F,2.286,4.043,3.885
F,1.791,2.67,3.025
M,1.65,2.996,3.507
F,1.747,3.584,4.054
F,1.591,2.493,3.283
F,1.669,21.077,14.067
M,1.623,2.59,3.062
F,1.464,2.616,3.076
F,2.032,6.525,5.324
F,1.259,2.85,3.978
M,1.38,2.749,3.099
F,1.293,2.241,2.862
F,1.125,3.01,3.281
F,1.214,2.202,4.207
M,1.029,2.121,4.138
F,1.218,2.464,2.97
M,1.281,4.927,4.882
M,1.05,2.193,3.248
M,1.133,3.113,3.431
F,1.154,2.995,3.98
F,1.138,9.614,7.628
M,1.241,2.716,3.084
F,1.081,2.074,8.096
F,1.93,2.895,4.206
F,1.233,2.226,7.86
F,1.067,2.173,2.823
F,1.569,2.794,4.762
F,1.104,6.48,5.727
F,1.03,5.33,8.478
F,1.093,2.463,3.98
F,1.313,3.019,3.327
F,1.806,9.985,7.414
F,1.67,2.63,3.075
F,1.003,3.56,4.748
M,2.199,3.009,3.211
M,1.227,7.606,6.302
F,1.767,3.563,4.232
M,1.017,3.546,4.572
M,1.284,2.296,3.083
F,1.01,124.598,76.163
M,2.333,3.091,3.375
M,1.109,2.112,2.69
M,1.753,3.541,7.367
F,1.176,6.312,6.116
F,1.075,2.456,2.875
F,3.788,4.623,4.202
F,1.571,3.533,3.71
M,3.024,5.548,5.644
F,1.201,4.168,4.307
M,2.424,4.116,4.24
F,4.141,12.342,11.326
F,1.286,2.415,5.694
F,3.23,5.433,5.111
M,1.226,6.077,5.899
M,1.217,2.214,2.859
F,15.308,14.403,10.183
M,4.584,5.611,8.24
F,1.139,116.042,71.952
M,2.478,3.235,3.941
F,1.233,3.001,5.806
M,6.941,7.465,5.892
F,2.58,5.021,4.669
M,3.243,5.018,5.149
M,1.532,2.469,3.195
M,1.19,2.51,5.141
M,1.116,2.534,3.23
F,1.455,7.625,6.073
M,1.745,3.633,5.273
M,1.968,3.061,3.239
F,1.098,3.911,5.197
M,1.468,2.377,2.83
F,1.332,4.924,4.865
F,1.124,2.118,2.841
F,1.496,4.597,9.126
F,1.175,3.369,3.824
F,1.467,27.294,17.799
M,1.118,2.168,3.609
M,3.161,3.939,3.953
M,1.229,3.28,3.935
M,1.602,2.808,3.35
F,1.067,7.327,6.265
M,1.644,2.835,3.251
F,1.172,4.716,5.873
F,4.796,13.967,10.292
F,1.285,2.297,2.807
M,1.596,3.715,5.905
F,1.129,2.365,3.393
M,2.687,4.068,4.188
M,2.261,3.393,3.649
F,1.151,2.72,3.95
M,3.353,6.149,5.35
M,1.021,3.034,4.041
M,2.01,2.951,4.582
M,1.358,2.381,3.18
M,2.465,3.364,4.01
M,1.368,2.467,3.054
F,1.034,2.256,3.641
M,1.137,3.932,4.319
F,13.333,21.345,14.811
M,1.226,3.379,3.511
F,1.091,3.078,4.518
F,2.269,7.519,6.209
F,1.023,2.695,3.407
M,1.035,3.142,4.529
F,1.193,13.781,10.748
M,1.025,2.372,2.864
M,15.272,13.707,10.072
M,1.799,2.986,3.235
M,1.443,2.468,3.459
M,2.266,3.052,3.486
M,1.721,2.79,4.122
M,1.1,2.88,4.048
M,1.132,2.663,22.71
F,2.749,9.741,7.517
F,1.228,3.17,3.444
M,1.346,2.331,2.897
M,1.282,2.561,3.435
M,1.027,2.038,2.826
F,1.84,3.58,6.735
F,1.475,2.682,3.068
M,1.757,3.636,4.45
M,1.177,2.198,3.071
M,1.298,2.526,3.479
M,1.113,2.302,3.262
M,1.313,3.286,3.773
F,1.699,4.096,5.007
F,4.252,5.687,5.489
F,1.724,4.351,7.638
M,1.451,2.471,3.312
F,1.309,3.554,7.072
M,1.057,2.231,3.759
M,1.383,2.353,4.033
F,1.088,6.626,8.344
M,1.547,2.631,3.088
F,1.925,3.204,3.649
M,4.323,4.659,5.805
F,1.193,2.201,2.839
M,1.288,2.352,3.164
M,1.106,2.256,2.806
F,2.862,6.278,5.288
F,2.384,3.807,4.468
M,2.108,3.727,3.892
M,1.03,2.436,3.144
F,1.502,3.049,3.826
M,1.143,2.185,3.318
F,1.066,2.054,3.211
F,2.14,3.657,3.92
F,1.126,2.924,3.312
F,1.415,3.019,3.724
F,1.453,7.235,6.113
F,1.127,2.229,4.596
M,1.403,2.373,2.831
F,1.028,2.387,3.568
F,1.0,3.268,4.227
M,2.891,4.16,8.593
M,1.308,3.664,5.08
F,3.287,4.267,4.576
M,1.409,2.383,2.998
F,1.326,3.506,3.511
F,1.192,2.667,3.207
F,1.044,78.214,50.513
F,1.204,2.213,9.888
F,1.598,2.762,4.218
F,2.053,6.512,6.131
M,1.476,2.593,3.466
M,2.034,3.207,3.911
M,1.09,2.979,3.188
M,1.549,2.97,3.415
M,2.919,3.968,3.98
F,1.131,4.676,12.23
F,1.138,2.193,2.716
F,1.994,2.925,4.482
M,2.307,3.484,3.755
F,1.153,2.821,3.14
F,1.223,280.972,170.335
M,1.648,3.446,3.533
F,1.289,17.353,11.839
M,1.631,2.587,3.606
F,1.409,4.325,4.013
F,2.102,2.916,3.158
F,2.547,6.569,5.789
M,2.71,3.385,3.498
F,1.604,4.965,4.86
F,1.607,2.809,3.444
M,1.348,2.695,3.068
F,1.014,2.469,3.814
M,1.195,2.165,3.285
M,1.033,2.591,3.531
M,1.334,2.53,4.245
M,2.578,3.906,3.747
M,1.575,2.483,2.903
F,1.756,3.959,4.403
M,1.11,2.11,2.992
M,1.164,2.195,7.943
M,1.093,2.876,3.348
F,2.521,3.573,3.935
M,1.179,2.183,3.866
M,1.512,2.472,3.421
M,1.079,2.126,2.71
M,1.068,3.083,3.278
F,1.238,3.917,4.389
M,1.222,3.004,3.459
M,1.221,2.302,3.562
M,1.583,2.932,3.706
M,1.209,3.543,3.526
M,2.079,3.211,3.335
M,1.049,3.212,4.505
F,1.217,2.508,3.037
M,1.739,5.129,4.932
F,1.587,2.573,7.283
F,1.066,5.876,11.187
F,1.336,2.572,5.091
F,1.203,2.321,5.593
M,1.648,2.895,4.806
M,1.072,2.22,2.77
F,1.742,2.937,5.468
F,1.366,3.232,3.771
F,1.174,104.579,64.178
M,1.99,3.267,3.765
F,1.11,2.551,3.02
F,1.086,85.989,53.052
M,1.008,2.145,3.014
M,2.685,3.982,3.977
F,1.404,2.752,5.715
M,1.438,3.122,3.462
M,1.063,2.543,4.018
F,1.059,3.655,3.597
F,1.225,3.198,8.131
F,1.438,2.735,3.081
F,1.828,4.535,4.352
M,1.413,3.526,3.528
F,2.437,3.188,8.857
M,1.267,2.877,3.151
F,1.014,10.805,8.218
F,1.32,4.188,4.928
M,1.045,2.162,2.891
F,1.215,2.822,3.098
M,8.207,8.468,6.615
M,2.648,3.516,4.236
F,1.144,2.125,3.051
M,1.266,2.258,3.836
M,1.326,2.403,3.632
F,2.058,3.624,4.35
F,1.017,2.701,3.092
F,1.02,7.015,14.644
M,1.064,2.156,3.082
M,1.64,2.743,3.194
M,1.307,3.149,3.793
M,2.573,4.088,4.56
F,1.182,2.455,3.392
M,1.399,2.515,3.48
F,1.847,2.9,3.222
M,1.483,2.425,4.248
M,1.21,2.539,3.572
M,1.086,2.233,3.635
F,1.475,3.648,3.676
F,1.08,3.776,4.285
F,4.059,6.294,6.302
M,1.474,4.258,4.346
M,1.101,2.193,2.765
F,1.892,13.288,9.417
M,1.056,2.066,3.166
F,2.093,2.912,4.853
F,1.357,2.432,25.572
F,1.074,4.227,4.667
M,1.019,2.359,2.943
F,12.289,11.263,8.573
M,1.174,2.205,2.777
F,4.576,6.211,5.555
F,1.417,30.406,21.745
F,1.418,2.603,3.355
F,1.049,2.459,2.913
M,4.504,4.856,4.401
F,1.935,4.508,5.141
M,1.441,4.021,4.484
M,1.066,2.167,2.807
F,1.101,3.156,5.106
M,1.327,3.716,3.792
M,1.252,2.811,3.521
F,1.504,3.747,3.931
M,1.041,2.518,3.586
M,1.021,2.675,3.243
F,1.43,5.564,6.207
F,1.015,3.142,3.833
F,1.031,2.495,3.831
M,1.266,2.309,4.721
M,1.032,3.595,3.851
F,1.276,2.295,3.465
M,1.148,2.295,2.878
F,1.11,4.759,5.384
M,1.296,2.666,3.116
F,1.066,2.97,4.296
M,1.24,2.237,4.635
M,1.33,2.326,4.998
F,2.425,5.894,6.682
M,3.858,4.582,4.562
M,1.202,2.34,3.968
